{
    "modes": [
        {
            "index": 0,
            "strictly local log-evidence": -2.2590641130118674,
            "strictly local log-evidence error": 0.02407881530923258,
            "local log-evidence": -2.2590641130118674,
            "local log-evidence error": 0.02407881530923258,
            "mean": [
                66.69429565933935,
                -0.9650684023800976,
                0.9566549605196122,
                0.837431800682704,
                0.31233556085348346
            ],
            "sigma": [
                4.36672966988831,
                0.2346249462069735,
                0.02130440547041025,
                0.1166353066389506,
                0.03529068132631814
            ],
            "maximum": [
                64.28090555209799,
                -0.6010872096775296,
                0.9949572935403531,
                0.7152016169537847,
                0.33996069148882885
            ],
            "maximum a posterior": [
                69.383465051651,
                -0.6232482433319092,
                0.9809686002135277,
                0.8684581661224365,
                0.25548408925533295
            ]
        }
    ],
    "nested sampling global log-evidence": -1.8717214088784373,
    "nested sampling global log-evidence error": 0.02209041277148693,
    "global evidence": -2.2590641130118674,
    "global evidence error": 0.02407881530923258,
    "nested importance sampling global log-evidence": -2.2590641130118674,
    "nested importance sampling global log-evidence error": 0.02407881530923258,
    "marginals": [
        {
            "median": 66.17948373777314,
            "sigma": 5.185074663131871,
            "1sigma": [
                61.78951730513377,
                72.15966663139751
            ],
            "2sigma": [
                60.34774211000614,
                74.4474361617939
            ],
            "3sigma": [
                60.01426401773788,
                74.93922662849579
            ],
            "5sigma": [
                60.002070289229295,
                74.98390860438165
            ],
            "q75%": 70.37891647332069,
            "q25%": 62.68330682647725,
            "q99%": 74.72466996549839,
            "q01%": 60.15259667141287,
            "q90%": 73.0954423426923,
            "q10%": 61.19119504651909
        },
        {
            "median": -0.9396755560470542,
            "sigma": 0.2747617497021475,
            "1sigma": [
                -1.2489944688137469,
                -0.6994709694094519
            ],
            "2sigma": [
                -1.3778814911964534,
                -0.6143858230767888
            ],
            "3sigma": [
                -1.3984203038001943,
                -0.60062372533989
            ],
            "5sigma": [
                -1.3994595527648925,
                -0.6000273660680054
            ],
            "q75%": -0.7575584282709671,
            "q25%": -1.1685598697051809,
            "q99%": -0.6056733570178998,
            "q01%": -1.3931644602859805,
            "q90%": -0.6591013996969928,
            "q10%": -1.306255794605893
        },
        {
            "median": 0.9574745815043512,
            "sigma": 0.02514310988296581,
            "1sigma": [
                0.9310547656505853,
                0.9813409854165169
            ],
            "2sigma": [
                0.9224650823595523,
                0.9924008152602762
            ],
            "3sigma": [
                0.9201226724503633,
                0.9946789630070145
            ],
            "5sigma": [
                0.9200457406044007,
                0.9949924114273302
            ],
            "q75%": 0.9747190369208639,
            "q25%": 0.9370082332583706,
            "q99%": 0.9941284829145793,
            "q01%": 0.9209253650560947,
            "q90%": 0.9859948771691325,
            "q10%": 0.9279622019817344
        },
        {
            "median": 0.8358910837404794,
            "sigma": 0.13648236318607637,
            "1sigma": [
                0.7019137951877769,
                0.9748785215599296
            ],
            "2sigma": [
                0.6522176186221659,
                1.0295034552572844
            ],
            "3sigma": [
                0.6406378580193336,
                1.0394732206335149
            ],
            "5sigma": [
                0.6400411563797659,
                1.039694381660261
            ],
            "q75%": 0.9426325750344673,
            "q25%": 0.7336428303177155,
            "q99%": 1.035550299745142,
            "q01%": 0.6438704063806433,
            "q90%": 0.9990788518811134,
            "q10%": 0.6813765751661031
        },
        {
            "median": 0.3125189492323777,
            "sigma": 0.04138088062179601,
            "1sigma": [
                0.2709272109443035,
                0.3536889721878955
            ],
            "2sigma": [
                0.2529706270820455,
                0.3706036963652137
            ],
            "3sigma": [
                0.25025264902866845,
                0.37453464919887164
            ],
            "5sigma": [
                0.2500564455986023,
                0.374967250436955
            ],
            "q75%": 0.343039109980559,
            "q25%": 0.2812723957969156,
            "q99%": 0.37263080099683393,
            "q01%": 0.2508812445096165,
            "q90%": 0.36023065104860746,
            "q10%": 0.2647503511358074
        }
    ]
}