{
    "modes": [
        {
            "index": 0,
            "strictly local log-evidence": -4.803446556248746,
            "strictly local log-evidence error": 0.028289905125044958,
            "local log-evidence": -4.803446556248746,
            "local log-evidence error": 0.028289905125044958,
            "mean": [
                66.8963822585274,
                -0.8994664846012927,
                0.9567022392046555,
                0.8097879894868272,
                0.3122699295440195
            ],
            "sigma": [
                4.208886171475726,
                0.21524249055635003,
                0.020447662981132916,
                0.11766682137974216,
                0.032161127234662995
            ],
            "maximum": [
                64.29033387519443,
                -0.6018792074393222,
                0.9949728350391863,
                0.7152643327411244,
                0.33965260815688614
            ],
            "maximum a posterior": [
                73.23780936574381,
                -1.1409003263559672,
                0.9234897712980328,
                0.782958804783903,
                0.286226525942127
            ]
        }
    ],
    "nested sampling global log-evidence": -4.321700506398279,
    "nested sampling global log-evidence error": 0.051477820825892744,
    "global evidence": -4.803446556248746,
    "global evidence error": 0.028289905125044958,
    "nested importance sampling global log-evidence": -4.803446556248746,
    "nested importance sampling global log-evidence error": 0.028289905125044958,
    "marginals": [
        {
            "median": 66.65821778473136,
            "sigma": 4.91698970212099,
            "1sigma": [
                62.05767281389233,
                71.89165221813431
            ],
            "2sigma": [
                60.4262223879172,
                74.312260388642
            ],
            "3sigma": [
                60.008546624565994,
                74.94631963803111
            ],
            "5sigma": [
                60.00037310654631,
                74.97601790107561
            ],
            "q75%": 70.3768850352773,
            "q25%": 63.10901108820012,
            "q99%": 74.73891733801733,
            "q01%": 60.155927480283005,
            "q90%": 72.96702302075568,
            "q10%": 61.41427058943768
        },
        {
            "median": -0.844767201171399,
            "sigma": 0.24020840948901745,
            "1sigma": [
                -1.1616228320115178,
                -0.6812060130334829
            ],
            "2sigma": [
                -1.3547918480921872,
                -0.6154360865821913
            ],
            "3sigma": [
                -1.3958874982540816,
                -0.6012655563150566
            ],
            "5sigma": [
                -1.3996221184958573,
                -0.6000061742224013
            ],
            "q75%": -0.7214347647173595,
            "q25%": -1.053446516198972,
            "q99%": -0.6076722143258534,
            "q01%": -1.3834720588189966,
            "q90%": -0.6555452832569858,
            "q10%": -1.2390018640772777
        },
        {
            "median": 0.9558415584088998,
            "sigma": 0.023949265831697153,
            "1sigma": [
                0.9331945120191675,
                0.9810930436825618
            ],
            "2sigma": [
                0.9230400195585542,
                0.9918948246870927
            ],
            "3sigma": [
                0.9202086763858182,
                0.9949080844332185
            ],
            "5sigma": [
                0.9200065815111534,
                0.9949972125692579
            ],
            "q75%": 0.9738442592692117,
            "q25%": 0.9392999295527709,
            "q99%": 0.99367778220901,
            "q01%": 0.921368610396522,
            "q90%": 0.9853520962444993,
            "q10%": 0.9289352340026743
        },
        {
            "median": 0.7874827404204047,
            "sigma": 0.13567492797191955,
            "1sigma": [
                0.6804413852409095,
                0.9517912411847486
            ],
            "2sigma": [
                0.6499124560000564,
                1.0153806997400396
            ],
            "3sigma": [
                0.6404306955757785,
                1.038072765906034
            ],
            "5sigma": [
                0.6400656127929688,
                1.0398567685665239
            ],
            "q75%": 0.9183208976762588,
            "q25%": 0.7016089060095347,
            "q99%": 1.028208073660891,
            "q01%": 0.6453335915262827,
            "q90%": 0.9794871379403182,
            "q10%": 0.666860264365846
        },
        {
            "median": 0.312042505201335,
            "sigma": 0.036321695175318025,
            "1sigma": [
                0.2762786751003737,
                0.34892206545100973
            ],
            "2sigma": [
                0.25557709462965894,
                0.36797841256291336
            ],
            "3sigma": [
                0.25023383825309536,
                0.37481871486303
            ],
            "5sigma": [
                0.2500957767998604,
                0.374953515421917
            ],
            "q75%": 0.33894522950692674,
            "q25%": 0.2859855765229017,
            "q99%": 0.37148719053856677,
            "q01%": 0.2517619728795819,
            "q90%": 0.35615905111070956,
            "q10%": 0.2696118068870788
        }
    ]
}