{
    "modes": [
        {
            "index": 0,
            "strictly local log-evidence": 2.446098565439714,
            "strictly local log-evidence error": 0.022299003684182597,
            "local log-evidence": 2.446098565439714,
            "local log-evidence error": 0.022299003684182597,
            "mean": [
                67.65834086381598,
                -0.9933350042947046,
                0.9594913535628559,
                0.8347334521213501,
                0.3082103001379574
            ],
            "sigma": [
                4.158316114781775,
                0.21982676633063689,
                0.01432140160229038,
                0.10709552321919068,
                0.030143987752223232
            ],
            "maximum": [
                68.0486298951819,
                -1.0023534956581572,
                0.9601027969408659,
                0.809122629404418,
                0.3105868602011642
            ],
            "maximum a posterior": [
                69.2660833020505,
                -1.065301513907457,
                0.9375196204354298,
                0.7298855878722852,
                0.3038901925044992
            ]
        }
    ],
    "nested sampling global log-evidence": 2.937138897969055,
    "nested sampling global log-evidence error": 0.03751851989460147,
    "global evidence": 2.446098565439714,
    "global evidence error": 0.022299003684182597,
    "nested importance sampling global log-evidence": 2.446098565439714,
    "nested importance sampling global log-evidence error": 0.022299003684182597,
    "marginals": [
        {
            "median": 67.85896015488453,
            "sigma": 4.886513735526371,
            "1sigma": [
                62.67031137140694,
                72.44333884245968
            ],
            "2sigma": [
                60.47826862978917,
                74.61829113873966
            ],
            "3sigma": [
                60.05941457446626,
                74.96172976853975
            ],
            "5sigma": [
                60.010490119457245,
                74.99401449190793
            ],
            "q75%": 71.09179445072034,
            "q25%": 64.17214399344203,
            "q99%": 74.81874353318396,
            "q01%": 60.24854290515863,
            "q90%": 73.2576471194347,
            "q10%": 61.77926147983639
        },
        {
            "median": -0.990615451960647,
            "sigma": 0.2616455050440972,
            "1sigma": [
                -1.2519684172980767,
                -0.7286774072098823
            ],
            "2sigma": [
                -1.3672156715553094,
                -0.6193055400101952
            ],
            "3sigma": [
                -1.3994090048023857,
                -0.6030072141482844
            ],
            "5sigma": [
                -1.399520969390869,
                -0.6005311994580049
            ],
            "q75%": -0.8094090990695709,
            "q25%": -1.1791160208141616,
            "q99%": -0.6087851749340304,
            "q01%": -1.3867308816408954,
            "q90%": -0.6907004415460671,
            "q10%": -1.2979530479485488
        },
        {
            "median": 0.9600876962116721,
            "sigma": 0.010945082191092359,
            "1sigma": [
                0.948797740998348,
                0.9706879053805327
            ],
            "2sigma": [
                0.9244487731833108,
                0.9900107964164376
            ],
            "3sigma": [
                0.9200643207881186,
                0.994858759443091
            ],
            "5sigma": [
                0.9200249132514,
                0.9949272930611994
            ],
            "q75%": 0.9659854512058009,
            "q25%": 0.9542083570693937,
            "q99%": 0.9937401868775033,
            "q01%": 0.9216524337669637,
            "q90%": 0.9776318164664328,
            "q10%": 0.9396914719755658
        },
        {
            "median": 0.8248633419242682,
            "sigma": 0.12397387461876247,
            "1sigma": [
                0.7147455378015897,
                0.9626932870391146
            ],
            "2sigma": [
                0.6551600574685428,
                1.0258316391130988
            ],
            "3sigma": [
                0.6407741893669556,
                1.0396390308291497
            ],
            "5sigma": [
                0.6402923010811595,
                1.0399366665346699
            ],
            "q75%": 0.9242154545303503,
            "q25%": 0.7527261657525698,
            "q99%": 1.0338116186576272,
            "q01%": 0.6451356284611978,
            "q90%": 0.9908817168884048,
            "q10%": 0.6914628681851958
        },
        {
            "median": 0.3083176573271713,
            "sigma": 0.03404320347665604,
            "1sigma": [
                0.2740264523786298,
                0.3421128593319419
            ],
            "2sigma": [
                0.25401349663739003,
                0.36888735807319295
            ],
            "3sigma": [
                0.25015021630707784,
                0.3744876655830033
            ],
            "5sigma": [
                0.2500622877913011,
                0.37491090948094624
            ],
            "q75%": 0.3245510962449033,
            "q25%": 0.28689268139856106,
            "q99%": 0.37280516803008706,
            "q01%": 0.2520888687010319,
            "q90%": 0.352605309350454,
            "q10%": 0.26599427977429607
        }
    ]
}