{
    "modes": [
        {
            "index": 0,
            "strictly local log-evidence": -1.866213570951816,
            "strictly local log-evidence error": 0.02845553997232007,
            "local log-evidence": -1.866213570951816,
            "local log-evidence error": 0.02845553997232007,
            "mean": [
                67.49628507696069,
                -1.0147370830693196,
                0.9588353497555505,
                0.8383359688812241,
                0.31453562171671245
            ],
            "sigma": [
                4.403990244994147,
                0.23760628473959353,
                0.021332973676915532,
                0.11604839118588878,
                0.03658660137159432
            ],
            "maximum": [
                60.00689798033191,
                -0.797518304600882,
                0.9517404324770276,
                0.6442967107012865,
                0.3583253988651891
            ],
            "maximum a posterior": [
                74.90589380264282,
                -0.7989827632904052,
                0.978745290338993,
                0.9342729711532594,
                0.31447872519493103
            ]
        }
    ],
    "nested sampling global log-evidence": -1.6398953145796933,
    "nested sampling global log-evidence error": NaN,
    "global evidence": -1.866213570951816,
    "global evidence error": 0.02845553997232007,
    "nested importance sampling global log-evidence": -1.866213570951816,
    "nested importance sampling global log-evidence error": 0.02845553997232007,
    "marginals": [
        {
            "median": 67.39126112535094,
            "sigma": 5.252253126133688,
            "1sigma": [
                62.34852423247935,
                72.85303048474672
            ],
            "2sigma": [
                60.357993685253255,
                74.69230261816186
            ],
            "3sigma": [
                60.03379143625721,
                74.93160976240587
            ],
            "5sigma": [
                60.000080389228195,
                74.93684801256924
            ],
            "q75%": 71.25186481313551,
            "q25%": 63.72723217797054,
            "q99%": 74.86960987751662,
            "q01%": 60.170969779491834,
            "q90%": 73.68591261953163,
            "q10%": 61.40290127379316
        },
        {
            "median": -1.0248488700884428,
            "sigma": 0.2773983301671114,
            "1sigma": [
                -1.284541226669049,
                -0.7297445663348262
            ],
            "2sigma": [
                -1.3856226150210882,
                -0.6206629553014988
            ],
            "3sigma": [
                -1.398833056461312,
                -0.6013128947768004
            ],
            "5sigma": [
                -1.3999362314076105,
                -0.6000722772522697
            ],
            "q75%": -0.7983163300203396,
            "q25%": -1.2247035001289717,
            "q99%": -0.6055637554660117,
            "q01%": -1.3924713192858806,
            "q90%": -0.6844313612654207,
            "q10%": -1.3335553221514533
        },
        {
            "median": 0.9587272385470154,
            "sigma": 0.025745060778393947,
            "1sigma": [
                0.9331451845727248,
                0.9846353061295127
            ],
            "2sigma": [
                0.9233441269759551,
                0.9935816666414695
            ],
            "3sigma": [
                0.9203129998281094,
                0.9948952819035938
            ],
            "5sigma": [
                0.9200605433114876,
                0.9949978698324397
            ],
            "q75%": 0.9780923663751466,
            "q25%": 0.9407508320411786,
            "q99%": 0.9944112589053326,
            "q01%": 0.9214337769667095,
            "q90%": 0.9884455577962684,
            "q10%": 0.929261065948003
        },
        {
            "median": 0.8384895354294475,
            "sigma": 0.1379687973461125,
            "1sigma": [
                0.7003826400278943,
                0.9763202347201193
            ],
            "2sigma": [
                0.6479741293692403,
                1.0298823884422674
            ],
            "3sigma": [
                0.6400136375427247,
                1.0389805282875528
            ],
            "5sigma": [
                0.6400136375427247,
                1.0397511826445927
            ],
            "q75%": 0.935982183205689,
            "q25%": 0.7383850937288888,
            "q99%": 1.0358780023397993,
            "q01%": 0.6433696852551284,
            "q90%": 0.9986771907030875,
            "q10%": 0.6789341459687329
        },
        {
            "median": 0.31645568336772706,
            "sigma": 0.043235969807152996,
            "1sigma": [
                0.2711196702427162,
                0.3575916098570222
            ],
            "2sigma": [
                0.2530006580398931,
                0.37181466552738185
            ],
            "3sigma": [
                0.2501152461066522,
                0.37485442029250504
            ],
            "5sigma": [
                0.25004217228942494,
                0.3749045719026478
            ],
            "q75%": 0.3463790897567022,
            "q25%": 0.2822346809295265,
            "q99%": 0.37342336122464964,
            "q01%": 0.25176392614516624,
            "q90%": 0.3641349074063979,
            "q10%": 0.2638900609628971
        }
    ]
}