{
    "modes": [
        {
            "index": 0,
            "strictly local log-evidence": -21.26135694636451,
            "strictly local log-evidence error": 0.11385555193263618,
            "local log-evidence": -21.26135694636451,
            "local log-evidence error": 0.11385555193263618,
            "mean": [
                65.39775141630393,
                -0.7319465591831537,
                0.9742453319687598,
                0.7523611935834589,
                0.34003187166890153
            ],
            "sigma": [
                1.9599786757918076,
                0.0878941795366248,
                0.02139935643967115,
                0.0852770703355562,
                0.017860136350720864
            ],
            "maximum": [
                65.07585238253054,
                -0.7022992423802514,
                0.9949025860915821,
                0.7148199327678111,
                0.33244421001029617
            ],
            "maximum a posterior": [
                64.90434993925692,
                -0.7426387965048793,
                0.9750114559845318,
                0.70774910020667,
                0.3698770469345805
            ]
        }
    ],
    "nested sampling global log-evidence": -20.733460642663914,
    "nested sampling global log-evidence error": 0.09912328357905464,
    "global evidence": -21.26135694636451,
    "global evidence error": 0.11385555193263618,
    "nested importance sampling global log-evidence": -21.26135694636451,
    "nested importance sampling global log-evidence error": 0.11385555193263618,
    "marginals": [
        {
            "median": 65.3360814589477,
            "sigma": 1.8469438219164651,
            "1sigma": [
                63.49402384430662,
                67.18791148813955
            ],
            "2sigma": [
                61.72643083151013,
                69.53852056251102
            ],
            "3sigma": [
                60.18430338454108,
                72.96259439528939
            ],
            "5sigma": [
                60.00284693144694,
                74.94217380477602
            ],
            "q75%": 66.59558673911255,
            "q25%": 64.1303539930254,
            "q99%": 70.70008503572797,
            "q01%": 61.007616743405734,
            "q90%": 67.77921498204593,
            "q10%": 62.93652672035515
        },
        {
            "median": -0.7238708388947813,
            "sigma": 0.08802419157385488,
            "1sigma": [
                -0.8161593985657218,
                -0.6401110154180121
            ],
            "2sigma": [
                -0.9079401920432291,
                -0.607921229349418
            ],
            "3sigma": [
                -1.2430539475599713,
                -0.6004285552800493
            ],
            "5sigma": [
                -1.3993039610714981,
                -0.6000222584026086
            ],
            "q75%": -0.6611321062023222,
            "q25%": -0.7877007104488777,
            "q99%": -0.603101141475379,
            "q01%": -0.9863160379588574,
            "q90%": -0.6272547317798297,
            "q10%": -0.838930402537987
        },
        {
            "median": 0.9832764707910845,
            "sigma": 0.02406153385272436,
            "1sigma": [
                0.9436698378038904,
                0.9917929055093391
            ],
            "2sigma": [
                0.9253913539441159,
                0.9945074409519937
            ],
            "3sigma": [
                0.9203605128235794,
                0.9949879446523412
            ],
            "5sigma": [
                0.920006320782243,
                0.9949994300947378
            ],
            "q75%": 0.9899534021828534,
            "q25%": 0.9654938478939804,
            "q99%": 0.9947658580681908,
            "q01%": 0.9217891492707886,
            "q90%": 0.9929325071978018,
            "q10%": 0.9343748484812813
        },
        {
            "median": 0.721693981541971,
            "sigma": 0.09016676173269256,
            "1sigma": [
                0.686124116892331,
                0.8664576403577161
            ],
            "2sigma": [
                0.6577328329065009,
                0.9616580909481709
            ],
            "3sigma": [
                0.6419614118843077,
                1.0092856109170643
            ],
            "5sigma": [
                0.6402206791626297,
                1.0399648741631817
            ],
            "q75%": 0.7588220432217836,
            "q25%": 0.6984694898620123,
            "q99%": 0.9858448196526902,
            "q01%": 0.6505158602992159,
            "q90%": 0.9069041436841715,
            "q10%": 0.677272922753939
        },
        {
            "median": 0.34095253712299833,
            "sigma": 0.017192757679558746,
            "1sigma": [
                0.3238275052856008,
                0.35821302064471827
            ],
            "2sigma": [
                0.29888471290084745,
                0.37046877255275373
            ],
            "3sigma": [
                0.27391668676682784,
                0.37467666273612865
            ],
            "5sigma": [
                0.250136457444644,
                0.37494492587394407
            ],
            "q75%": 0.35240159295536316,
            "q25%": 0.3302539061804718,
            "q99%": 0.37342603534191393,
            "q01%": 0.2904924180219693,
            "q90%": 0.36268614328080884,
            "q10%": 0.316623061441166
        }
    ]
}