{
    "modes": [
        {
            "index": 0,
            "strictly local log-evidence": -10.158759290026266,
            "strictly local log-evidence error": 0.015182568331202484,
            "local log-evidence": -10.158759290026266,
            "local log-evidence error": 0.015182568331202484,
            "mean": [
                68.00510199297968,
                -1.0001777192397765,
                0.9601499357023049,
                0.7995349320733879,
                0.3098229266134923
            ],
            "sigma": [
                1.0639805954459989,
                0.05635857355001611,
                0.005579135433845665,
                0.027870610124937894,
                0.006991248332073454
            ],
            "maximum": [
                68.00002905455626,
                -0.9998999797922643,
                0.9600063676052093,
                0.7999099533022902,
                0.31001526417401337
            ],
            "maximum a posterior": [
                68.93029274508,
                -0.9892061459158983,
                0.9608798122884445,
                0.7880847807486507,
                0.2959528040301889
            ]
        }
    ],
    "nested sampling global log-evidence": -10.2175140436225,
    "nested sampling global log-evidence error": 0.1133283662282366,
    "global evidence": -10.158759290026266,
    "global evidence error": 0.015182568331202484,
    "nested importance sampling global log-evidence": -10.158759290026266,
    "nested importance sampling global log-evidence error": 0.015182568331202484,
    "marginals": [
        {
            "median": 68.01108533040144,
            "sigma": 1.0735754540999665,
            "1sigma": [
                66.91341928530049,
                69.06057019350042
            ],
            "2sigma": [
                65.89401689700622,
                70.04201344346095
            ],
            "3sigma": [
                64.67975000321202,
                71.08402304362954
            ],
            "5sigma": [
                62.86939845271297,
                73.32006044954431
            ],
            "q75%": 68.70863335472204,
            "q25%": 67.30391183345246,
            "q99%": 70.4355672605155,
            "q01%": 65.48067229379487,
            "q90%": 69.39466478599529,
            "q10%": 66.64004322207542
        },
        {
            "median": -1.000191743031258,
            "sigma": 0.05672042603184496,
            "1sigma": [
                -1.0567514829823474,
                -0.9433106309186575
            ],
            "2sigma": [
                -1.1106694119084397,
                -0.8876889781478783
            ],
            "3sigma": [
                -1.1770581824462774,
                -0.8261385037120674
            ],
            "5sigma": [
                -1.28832321542253,
                -0.7235154907190305
            ],
            "q75%": -0.9620720419940386,
            "q25%": -1.0375150160100814,
            "q99%": -0.871105115058735,
            "q01%": -1.1337675920632988,
            "q90%": -0.9273522082864856,
            "q10%": -1.072451958095877
        },
        {
            "median": 0.9602353973466383,
            "sigma": 0.005523508586123271,
            "1sigma": [
                0.9545392311600506,
                0.9655862483322971
            ],
            "2sigma": [
                0.9488568185900165,
                0.971130788951145
            ],
            "3sigma": [
                0.9434234007765427,
                0.976522684962938
            ],
            "5sigma": [
                0.9314413567038465,
                0.9876726017911971
            ],
            "q75%": 0.9638616646534743,
            "q25%": 0.9564398447860284,
            "q99%": 0.9735466493116467,
            "q01%": 0.9466088570267788,
            "q90%": 0.9671980647158102,
            "q10%": 0.953001667494367
        },
        {
            "median": 0.7997445448446192,
            "sigma": 0.027899121151699124,
            "1sigma": [
                0.7721456436620174,
                0.8279438859654157
            ],
            "2sigma": [
                0.745188532579586,
                0.8533704569206018
            ],
            "3sigma": [
                0.7149737115948243,
                0.8833736085496638
            ],
            "5sigma": [
                0.6645473793975543,
                0.9417067871226198
            ],
            "q75%": 0.8185404808351805,
            "q25%": 0.7807607714714258,
            "q99%": 0.8649961585519236,
            "q01%": 0.7336763757371046,
            "q90%": 0.835065151729271,
            "q10%": 0.7641356741373632
        },
        {
            "median": 0.3099487943139905,
            "sigma": 0.006905655756067441,
            "1sigma": [
                0.30293295005859294,
                0.3167442615707278
            ],
            "2sigma": [
                0.2958926143771899,
                0.3230665245843621
            ],
            "3sigma": [
                0.28812847017387655,
                0.33024871439108844
            ],
            "5sigma": [
                0.2743434991083564,
                0.3450385466398548
            ],
            "q75%": 0.3145524542012408,
            "q25%": 0.30509564077520795,
            "q99%": 0.3257917227160877,
            "q01%": 0.29341286079172596,
            "q90%": 0.31882273861400523,
            "q10%": 0.3009748853925377
        }
    ]
}