{
    "modes": [
        {
            "index": 0,
            "strictly local log-evidence": -10.508740528810517,
            "strictly local log-evidence error": 0.04028397455310463,
            "local log-evidence": -10.508740528810517,
            "local log-evidence error": 0.04028397455310463,
            "mean": [
                67.96349622208369,
                -0.9994999372526161,
                0.9600554942966636,
                0.800817836465568,
                0.30971296057305286
            ],
            "sigma": [
                1.0732361296947934,
                0.05731921025892291,
                0.005680071606537795,
                0.027666017988359385,
                0.006986987339254152
            ],
            "maximum": [
                68.01383227300951,
                -1.0016193580553336,
                0.9600948444590623,
                0.8010302425489317,
                0.30999490846155364
            ],
            "maximum a posterior": [
                68.81892089559923,
                -0.9168387693641304,
                0.952121994659558,
                0.7787639780795057,
                0.31060098416217713
            ]
        }
    ],
    "nested sampling global log-evidence": -10.433203956248207,
    "nested sampling global log-evidence error": 0.11489412200765627,
    "global evidence": -10.508740528810517,
    "global evidence error": 0.04028397455310463,
    "nested importance sampling global log-evidence": -10.508740528810517,
    "nested importance sampling global log-evidence error": 0.04028397455310463,
    "marginals": [
        {
            "median": 67.87238797765313,
            "sigma": 1.0638407173756548,
            "1sigma": [
                66.92476210441428,
                69.0524435391656
            ],
            "2sigma": [
                65.99090237296866,
                70.19685105294732
            ],
            "3sigma": [
                64.67260305475175,
                71.41921770210485
            ],
            "5sigma": [
                62.77649289558078,
                72.9512158068341
            ],
            "q75%": 68.7000178565027,
            "q25%": 67.23550100825256,
            "q99%": 70.55846686898626,
            "q01%": 65.58009150962984,
            "q90%": 69.38368949111191,
            "q10%": 66.663465398406
        },
        {
            "median": -1.0009696093458422,
            "sigma": 0.05950996191536184,
            "1sigma": [
                -1.0571358237782613,
                -0.9381158999475376
            ],
            "2sigma": [
                -1.1096231437646795,
                -0.8904818243209547
            ],
            "3sigma": [
                -1.1631020309139126,
                -0.8305812332383968
            ],
            "5sigma": [
                -1.2733101218574625,
                -0.7155559490031164
            ],
            "q75%": -0.9604204956118296,
            "q25%": -1.0398173018524828,
            "q99%": -0.868620484061579,
            "q01%": -1.1259836764852251,
            "q90%": -0.9230629192581028,
            "q10%": -1.0721474759992413
        },
        {
            "median": 0.9601591381626585,
            "sigma": 0.005511217306523208,
            "1sigma": [
                0.9545697337153318,
                0.9655921683283782
            ],
            "2sigma": [
                0.9482311638006505,
                0.9710729087955079
            ],
            "3sigma": [
                0.9428007173677297,
                0.9770193244070969
            ],
            "5sigma": [
                0.9329278072039816,
                0.9875518641520351
            ],
            "q75%": 0.9637914396451004,
            "q25%": 0.9565360812260207,
            "q99%": 0.9732446630015295,
            "q01%": 0.9460774709192763,
            "q90%": 0.9671981739538069,
            "q10%": 0.9526983563178771
        },
        {
            "median": 0.8011199011801494,
            "sigma": 0.027289976128257787,
            "1sigma": [
                0.7732764340065944,
                0.82785638626311
            ],
            "2sigma": [
                0.7456841696960897,
                0.8548676639773203
            ],
            "3sigma": [
                0.7114133365087432,
                0.8852935593553799
            ],
            "5sigma": [
                0.6616759758697895,
                0.9379181994501812
            ],
            "q75%": 0.81890644090063,
            "q25%": 0.7831794979131005,
            "q99%": 0.8645415169702755,
            "q01%": 0.7323365510151134,
            "q90%": 0.8346904998993933,
            "q10%": 0.7650174780565707
        },
        {
            "median": 0.3095107171959372,
            "sigma": 0.006915718503073237,
            "1sigma": [
                0.30299722981057875,
                0.3168286668167252
            ],
            "2sigma": [
                0.29644644359635497,
                0.32371352133616615
            ],
            "3sigma": [
                0.28902493056661466,
                0.3312167496041025
            ],
            "5sigma": [
                0.27326633170977843,
                0.3437018874202188
            ],
            "q75%": 0.31439296940763833,
            "q25%": 0.30510097794557905,
            "q99%": 0.32594851979739997,
            "q01%": 0.2934946498125951,
            "q90%": 0.3188535248502098,
            "q10%": 0.3008375094383549
        }
    ]
}