{
    "modes": [
        {
            "index": 0,
            "strictly local log-evidence": -10.153712525975925,
            "strictly local log-evidence error": 0.015344107840907215,
            "local log-evidence": -10.153712525975925,
            "local log-evidence error": 0.015344107840907215,
            "mean": [
                68.00218530296956,
                -1.0031951244008548,
                0.9600458927112056,
                0.7994504685512128,
                0.30987753690324776
            ],
            "sigma": [
                1.0553146406521563,
                0.05555166464207241,
                0.005631627423593213,
                0.028105366037599302,
                0.006946848543450379
            ],
            "maximum": [
                68.02201194775502,
                -1.0001390534362329,
                0.9591872127409522,
                0.8026057703459575,
                0.31062962714946635
            ],
            "maximum a posterior": [
                68.02201194775502,
                -1.0001390534362329,
                0.9591872127409522,
                0.8026057703459575,
                0.31062962714946635
            ]
        }
    ],
    "nested sampling global log-evidence": -10.000666798568924,
    "nested sampling global log-evidence error": 0.1114873305054319,
    "global evidence": -10.153712525975925,
    "global evidence error": 0.015344107840907215,
    "nested importance sampling global log-evidence": -10.153712525975925,
    "nested importance sampling global log-evidence error": 0.015344107840907215,
    "marginals": [
        {
            "median": 68.0133555062219,
            "sigma": 1.061698870136567,
            "1sigma": [
                66.97068554681661,
                69.09408328708975
            ],
            "2sigma": [
                65.91223800123782,
                70.00684740078607
            ],
            "3sigma": [
                64.75043485361174,
                71.21497599804515
            ],
            "5sigma": [
                62.4861725083507,
                73.2116288086936
            ],
            "q75%": 68.73211159247924,
            "q25%": 67.28082258058622,
            "q99%": 70.46013782854203,
            "q01%": 65.48217341407731,
            "q90%": 69.349567374113,
            "q10%": 66.65165237588153
        },
        {
            "median": -1.0032071821977921,
            "sigma": 0.05627080908162768,
            "1sigma": [
                -1.0599097035528653,
                -0.9473680853896099
            ],
            "2sigma": [
                -1.1113039201972705,
                -0.8928558111577232
            ],
            "3sigma": [
                -1.1709379566190945,
                -0.8382635937294729
            ],
            "5sigma": [
                -1.2740035749599115,
                -0.7275567721208759
            ],
            "q75%": -0.9658759793474726,
            "q25%": -1.0413927562586152,
            "q99%": -0.8751842547445061,
            "q01%": -1.1310066642126553,
            "q90%": -0.93159644126111,
            "q10%": -1.0732888662851998
        },
        {
            "median": 0.9602632261577266,
            "sigma": 0.00577173410577525,
            "1sigma": [
                0.9541594925227278,
                0.9657029607342783
            ],
            "2sigma": [
                0.9490921109746123,
                0.970960193484869
            ],
            "3sigma": [
                0.9429988404954427,
                0.9767861053896675
            ],
            "5sigma": [
                0.9332919131622854,
                0.9873660666389221
            ],
            "q75%": 0.9638581270372847,
            "q25%": 0.9561631706495575,
            "q99%": 0.9731277755490062,
            "q01%": 0.9468347831767803,
            "q90%": 0.9671191219243439,
            "q10%": 0.9526829069534857
        },
        {
            "median": 0.8000478645410555,
            "sigma": 0.028398721371542257,
            "1sigma": [
                0.7709889537167631,
                0.8277863964598476
            ],
            "2sigma": [
                0.7451160664116698,
                0.8537293087192005
            ],
            "3sigma": [
                0.7121109980204618,
                0.8885238087654862
            ],
            "5sigma": [
                0.6649474128373624,
                0.9301667491109228
            ],
            "q75%": 0.8180487815931221,
            "q25%": 0.7796743208650342,
            "q99%": 0.8663745700121271,
            "q01%": 0.7377886182078723,
            "q90%": 0.8351930051895211,
            "q10%": 0.7631961410320068
        },
        {
            "median": 0.30995327338166484,
            "sigma": 0.007020682797186206,
            "1sigma": [
                0.3027973971873084,
                0.3168387627816808
            ],
            "2sigma": [
                0.2966983095239624,
                0.3235680197819175
            ],
            "3sigma": [
                0.2891766858545907,
                0.33048438333948826
            ],
            "5sigma": [
                0.2765737333317484,
                0.3432791077172212
            ],
            "q75%": 0.3146454774810607,
            "q25%": 0.30532386634985403,
            "q99%": 0.3267347947166179,
            "q01%": 0.2941143598283162,
            "q90%": 0.31863865542988745,
            "q10%": 0.30083827213145964
        }
    ]
}